max,min,mean,std_dev,variance,label
0.21779446153846155,-0.27286892307692306,0.012004959735576921,0.07226609323608835,0.005222388231607014,0
0.22300984615384614,-0.22676492307692306,0.012790221454326924,0.07799322431413747,0.006082943038915363,0
0.21925476923076925,-0.2021483076923077,0.011958815805288462,0.07336953091626922,0.005383088066873385,0
0.24741784615384615,-0.2492953846153846,0.010284697716346153,0.07296709547796111,0.005324197022489893,0
0.22467876923076924,-0.20360861538461536,0.011016379507211538,0.07126541012873087,0.005078758680816218,0
0.208824,-0.1992276923076923,0.011832913161057692,0.0716962361646794,0.005140350280181484,0
0.21591692307692306,-0.23677846153846152,0.010938861778846152,0.07082708024279968,0.005016475295719984,0
0.21967199999999998,-0.18650215384615382,0.012053752103365385,0.07142881753635862,0.005102075974642411,0
0.206112,-0.21049292307692305,0.011843812499999998,0.07330957480921954,0.0053742937587085565,0
0.2482523076923077,-0.18629353846153843,0.011383188100961538,0.07036451258902278,0.0049511646318907455,0
0.21967199999999998,-0.23823876923076923,0.01317577283653846,0.07341046910828453,0.005389096974698396,0
0.21716861538461538,-0.20861538461538462,0.011999459134615384,0.0730542174401259,0.005336918685789195,0
0.21842030769230766,-0.20819815384615384,0.011355481370192308,0.07398298431473137,0.0054734819681137884,0
0.20110523076923076,-0.2090326153846154,0.009843834735576922,0.07527109361864388,0.005665737534546652,0
0.23156307692307693,-0.28663753846153844,0.008584808293269231,0.07025933775927973,0.004936374542372549,0
0.20527753846153846,-0.2207150769230769,0.0102362109375,0.0720508618123544,0.00519132668790299,0
0.22029784615384615,-0.20861538461538462,0.010733098557692307,0.07089463246671435,0.0050260489125905075,0
0.22780799999999998,-0.1994363076923077,0.011834033653846155,0.07205648805730108,0.005192137471151973,0
0.21842030769230766,-0.24011630769230768,0.013871904447115384,0.07230230233403284,0.00522762292280189,0
0.225096,-0.1881710769230769,0.012663503906249998,0.07017538681697708,0.0049245849149123595,0
0.2526332307692308,-0.20861538461538462,0.012427079927884615,0.07289794520218272,0.005314110414700434,0
0.24866953846153847,-0.22175815384615383,0.013973869290865384,0.07224950235037134,0.0052199905898763135,0
0.25367630769230765,-0.20402584615384614,0.013191459735576921,0.07407931905454675,0.005487745511585333,0
0.2436627692307692,-0.2207150769230769,0.012829336838942308,0.07390188584260741,0.005461488731093779,0
0.31125415384615385,-0.21111876923076925,0.014089891225961538,0.07385390771583353,0.005454399684898856,0
0.2526332307692308,-0.2205064615384615,0.012680515024038462,0.06970323012692282,0.004858540290126762,0
0.22864246153846152,-0.20402584615384614,0.013666344951923077,0.07058831010545132,0.00498270952354336,0
0.21716861538461538,-0.21654276923076923,0.012954118990384615,0.07005689313850257,0.0049079682762195685,0
0.27140861538461536,-0.22342707692307692,0.012094802884615384,0.07195974008019859,0.00517820419240974,0
0.23281476923076924,-0.26452430769230767,0.013250642127403844,0.0712452775859672,0.005075889578301521,0
0.2330233846153846,-0.19526400000000002,0.013023182091346154,0.07180650773894212,0.005156174553662756,0
0.2205064615384615,-0.18963138461538462,0.01138532722355769,0.06989240890635752,0.004884948822733484,0
0.2127876923076923,-0.2261390769230769,0.012020239182692308,0.07386142409325766,0.005455509969084064,0
0.19797599999999999,-0.18107815384615383,0.010672490084134616,0.06958389722394152,0.004841918752872058,0
0.2369870769230769,-0.21758584615384616,0.01298651141826923,0.07298076205587598,0.005326191630256387,0
0.20861538461538462,-0.2303113846153846,0.01248605859375,0.06962265023445312,0.0048473134256689955,0
0.22593046153846155,-0.20819815384615384,0.012099896033653846,0.07193329186238157,0.005174398478158569,0
0.21988061538461537,-0.22780799999999998,0.012480252403846153,0.07116878377485289,0.005064995783991765,0
0.20235692307692305,-0.24616615384615384,0.011778722055288461,0.06965712459290965,0.004852115006552138,0
0.24595753846153845,-0.21612553846153845,0.011519990084134615,0.07130475236119874,0.005084367709291876,0
0.200688,-0.1858763076923077,0.013144500901442306,0.07010545476139618,0.004914774787302166,0
0.2125790769230769,-0.22572184615384616,0.01329760096153846,0.07166067603581426,0.005135252489909925,0
0.23281476923076924,-0.19881046153846152,0.014111486177884616,0.07465744771097112,0.005573734498716386,0
0.2209236923076923,-0.2075723076923077,0.013707090144230768,0.070831660995174,0.0050171241993352544,0
0.254928,-0.19380369230769232,0.01290970673076923,0.07305912572002907,0.005337635850975013,0
0.2628553846153846,-0.19818461538461538,0.011351101262019232,0.071268727522421,0.005079231522665088,0
0.23510953846153848,-0.19004861538461537,0.013317158653846153,0.0763846811493828,0.005834619514292876,0
0.24574892307692306,-0.21633415384615384,0.012932931490384613,0.07223518151099714,0.005217921447926704,0
0.2641070769230769,-0.2075723076923077,0.013914177584134615,0.07016376047004261,0.004922953283297513,0
0.1913003076923077,-0.19380369230769232,0.013659621995192307,0.07036519839086672,0.004951261144586033,0
0.21007569230769232,-0.18337292307692307,0.01304457331730769,0.06918150686311098,0.004786080891850671,0
0.20798953846153845,-0.2127876923076923,0.01332001081730769,0.06975874481226033,0.004866282477782057,0
0.21800307692307694,-0.1873366153846154,0.01150226592548077,0.06934442963688675,0.004808649921665138,0
0.23761292307692305,-0.20047938461538461,0.01098449639423077,0.07173927468297331,0.005146523532039095,0
0.2207150769230769,-0.1913003076923077,0.013195228665865383,0.06934766139729145,0.004809098141273387,0
0.2355267692307692,-0.19192615384615386,0.011790538161057691,0.06980870499843732,0.004873255293558847,0
0.24866953846153847,-0.23531815384615382,0.012375537259615384,0.07146985436271944,0.005107940082628327,0
0.24199384615384617,-0.21716861538461538,0.010916146334134614,0.07285794869512219,0.005308280688061056,0
0.235944,-0.222384,0.011479041165865383,0.07495520125364179,0.005618282194973943,0
0.20819815384615384,-0.22843384615384613,0.012988854266826923,0.0698773852035416,0.004882848962884134,0
0.2371956923076923,-0.2205064615384615,0.01466419471153846,0.07131418932194013,0.005085713598645519,0
0.21028430769230766,-0.21132738461538458,0.013784506009615383,0.07294973382156679,0.005321663664637445,0
0.20298276923076922,-0.18379015384615385,0.014964283052884615,0.07230539216749042,0.005228069736494584,0
0.20527753846153846,-0.20277415384615383,0.014155490985576922,0.0731574536175764,0.005352013019807842,0
0.24595753846153845,-0.20444307692307692,0.013802739483173076,0.07204528905710351,0.0051905236753216,0
0.19463815384615382,-0.19839323076923077,0.013579048377403848,0.07371553391514125,0.005433979940394341,0
0.1940123076923077,-0.1942209230769231,0.012781461237980768,0.0720350715945079,0.005189051539625878,0
0.22676492307692306,-0.2507556923076923,0.012840236177884615,0.0740433126654215,0.005482412150469367,0
0.2561796923076923,-0.21633415384615384,0.012581911658653844,0.07503386093888204,0.005630080287395487,0
0.21174461538461536,-0.1940123076923077,0.014600428485576923,0.07263273623896462,0.005275514373559003,0
0.26535876923076923,-0.20924123076923076,0.015106993088942307,0.07771960689064568,0.0060403372952365,0
0.238656,-0.19609846153846153,0.014577611177884614,0.07525699272613949,0.005663614954182212,0
0.20277415384615383,-0.23531815384615382,0.012680209435096153,0.07579099116053381,0.005744274341096115,0
0.24574892307692306,-0.21091015384615383,0.013814861177884614,0.07386593578215235,0.005456176468973054,0
0.23135446153846154,-0.1873366153846154,0.013846133112980769,0.07290788809409261,0.005315560146340732,0
0.23844738461538462,-0.2154996923076923,0.013137777944711538,0.07452083585868131,0.005553354977076524,0
0.23615261538461538,-0.20840676923076923,0.012414856370192308,0.07333335890263115,0.005377781527942111,0
0.23677846153846152,-0.2127876923076923,0.013347004507211536,0.07354071923121568,0.005408237385044496,0
0.24428861538461538,-0.20819815384615384,0.012123935697115383,0.07352823666298834,0.005406401586768424,0
0.25847446153846154,-0.23072861538461537,0.01066250751201923,0.07481933587133192,0.005597933020227176,0
0.2453316923076923,-0.21967199999999998,0.011649865384615384,0.07468634805392005,0.005578050585631287,0
0.2090326153846154,-0.21508246153846153,0.01156817127403846,0.07366099318762329,0.005425941917387085,0
0.21508246153846153,-0.22426153846153846,0.012392039062499999,0.07231876341015103,0.0052300035411734,0
0.2436627692307692,-0.21362215384615382,0.012574068209134617,0.07643858172146449,0.005842856775589005,0
0.21007569230769232,-0.21862892307692305,0.012979482872596154,0.07088007238217212,0.005023984660901958,0
0.23093723076923076,-0.25951753846153847,0.01322354657451923,0.07106037883997754,0.005049577440881128,0
0.23010276923076922,-0.21696000000000001,0.012902168870192307,0.0729587174744968,0.005322974455523443,0
0.233232,-0.21091015384615383,0.009740036358173077,0.07559304833978825,0.005714308957301562,0
0.21153599999999997,-0.25534523076923077,0.008706330829326921,0.07169936424163019,0.005140798832653958,0
0.2090326153846154,-0.19672430769230767,0.008276774639423078,0.07182041755086006,0.005158172377179889,0
0.24032492307692307,-0.27328615384615385,0.010359770733173079,0.07720024215411492,0.005959877388653982,0
0.20819815384615384,-0.20944984615384615,0.009995304987980768,0.07208291047114988,0.0051959459819918095,0
0.25847446153846154,-0.23135446153846154,0.010656803185096153,0.07529114521487278,0.00566875654776706,0
0.21654276923076923,-0.19839323076923077,0.010930305288461539,0.07297333732615383,0.005325107960516636,0
0.21821169230769227,-0.23093723076923076,0.011930192307692308,0.07357072688163921,0.005412651853892751,0
0.208824,-0.22447015384615385,0.011904930288461539,0.07467677328843873,0.005576620468772876,0
0.2572227692307692,-0.21111876923076925,0.013274274338942307,0.07529445701422903,0.005669255257067582,0
0.22697353846153845,-0.21007569230769232,0.014027347355769229,0.0753623993061515,0.0056794912291798245,0
0.2561796923076923,-0.21237046153846154,0.013584447115384616,0.07452294685746665,0.005553669608320798,0
0.25972615384615383,-0.20173107692307693,0.013633545072115383,0.07352676894367488,0.005406185751296554,0
0.24512307692307692,-0.2221753846153846,0.013965109074519231,0.07825442802787129,0.006123755505969287,0
0.22426153846153846,-0.21237046153846154,0.014745786959134616,0.07306707641964125,0.005338797656513693,0
0.24053353846153847,-0.1913003076923077,0.01489735907451923,0.07379725802427886,0.005446035291901991,0
0.24866953846153847,-0.19380369230769232,0.014263058293269232,0.0728256128229569,0.0053035698830392235,0
0.23260615384615385,-0.22113230769230768,0.01415172205528846,0.07256791827648663,0.005266102762982843,0
0.23677846153846152,-0.22029784615384615,0.014008400841346153,0.0727540715699803,0.005293154930009815,0
0.24011630769230768,-0.20506892307692307,0.012883426081730768,0.07323371738892101,0.005363177362600351,0
0.23364923076923078,-0.18942276923076923,0.015039050480769232,0.07254083204090253,0.005262172313186431,0
0.2605606153846154,-0.23135446153846154,0.01347382391826923,0.07314489019398088,0.00535017496148952,0
0.23448369230769228,-0.22342707692307692,0.01348044501201923,0.07398111936921255,0.005473206023121675,0
0.24741784615384615,-0.21174461538461536,0.013128915865384616,0.07078175046394608,0.005010056198740332,0
0.2261390769230769,-0.22801661538461537,0.013585262019230769,0.07138916151230427,0.005096412381429867,0
0.2225926153846154,-0.22989415384615383,0.013825760516826924,0.07231168257173697,0.005228979436355647,0
0.2438713846153846,-0.23218892307692307,0.01376107752403846,0.06940016875748035,0.0048163834235667525,0
0.21529107692307692,-0.20632061538461538,0.012466908353365384,0.07188492016733672,0.0051674417474643726,0
0.20965846153846154,-0.24303692307692307,0.0125668359375,0.07330202592160918,0.005373187004212266,0
0.21216184615384615,-0.22467876923076924,0.012208685697115385,0.07266736294511995,0.005280545637397792,0
0.21654276923076923,-0.20339999999999997,0.010941306490384616,0.07279331715723554,0.005298867022753882,0
0.2056947692307692,-0.1881710769230769,0.011617880408653846,0.07404592124888756,0.0054827984535964595,0
1.4827078642714573,-1.1752181636726549,0.015557684572261728,0.28832649714800274,0.08313216895763723,1
1.203806746506986,-1.181228263473054,0.015594962165512722,0.2827133945597944,0.07992686346352199,1
1.5645751696606787,-1.1722943313373253,0.015273264467159431,0.2899332590041294,0.08406129467675558,1
1.5657122155688623,-1.1549137724550897,0.014769382446045408,0.29051919832879697,0.08440140459760687,1
1.5558036726546904,-1.2101417165668662,0.015191095133950849,0.2918798737638289,0.0851938607083887,1
1.5845546906187624,-1.1489036726546906,0.014531043791323604,0.2868216150241451,0.08226663884505891,1
1.511134011976048,-1.1583249101796407,0.014170164963042665,0.28766116007156967,0.08274894301372124,1
1.4927788423153694,-1.2124158083832335,0.014251858412082086,0.2897624024392775,0.08396224986738181,1
1.3608815169660677,-1.093350858283433,0.014286518642402693,0.28959711485812534,0.08386648893415025,1
1.4373884630738523,-1.1679085828343314,0.0145186708029254,0.29346348381084875,0.0861208163304003,1
1.3126382834331338,-1.194385508982036,0.013777163953343314,0.2872981261631824,0.08254021329687589,1
1.3054911377245508,-1.1013101796407185,0.014347114559942612,0.2912153506493091,0.08480638045380004,1
1.5044741716566867,-1.2354815968063872,0.014898109113803643,0.2964790678907419,0.08789983769736315,1
1.4872560479041916,-1.181228263473054,0.014065867015968065,0.29142259495170536,0.08492712884838574,1
1.3729017165668662,-1.151177764471058,0.014648031982909182,0.29702666539784106,0.08822483995736102,1
1.4076628343313373,-1.114629860279441,0.014488928042352795,0.2943872999094931,0.08666388234800182,1
1.6389704590818364,-1.1597868263473055,0.015001296664483533,0.29417589814967626,0.08653945905216871,1
1.5653873453093812,-1.1381829540918162,0.014557851932853041,0.2916689421662856,0.08507077182440004,1
1.6258132135728545,-1.1750557285429142,0.014446653665325599,0.2907847987143616,0.08455579916335178,1
1.601935249500998,-1.1121933333333334,0.014735277413922155,0.29013765271992853,0.08417985752582985,1
1.7026450299401197,-1.2946079840319362,0.014697841192614771,0.2944322764357784,0.08669036540715462,1
1.6513155289421158,-1.0888026746506985,0.01412662156156437,0.2872303199267047,0.08250125668519714,1
1.6150924950099799,-1.1022847904191617,0.01421132894367515,0.29354571048491634,0.08616908414409433,1
1.6638230339321358,-1.1013101796407185,0.01377597424292041,0.29308096856975885,0.08589645413778799,1
1.4089623153692614,-1.1014726147704592,0.014175399688903443,0.2902440928090053,0.08424163341052249,1
1.5579153293413173,-1.1432184431137724,0.013652878871163922,0.29337165924292435,0.08606693044694651,1
1.3969421157684632,-1.1042340119760479,0.014389626879054394,0.29059033761207925,0.08444274431350221,1
1.5907272255489022,-1.2198878243512974,0.013688252927738273,0.2872210771695198,0.08249594717041925,1
1.3136128942115768,-1.0546912974051896,0.014260900211296158,0.2880435872255108,0.08296910814174045,1
1.5332251896207585,-1.262608263473054,0.013408750292383982,0.2900831115857463,0.08414821162726854,1
1.4541192814371258,-1.203806746506986,0.013037560640437873,0.2898216653673945,0.08399659771632999,1
1.3763128542914171,-1.1030969660678642,0.013206420206462077,0.2888841102338715,0.08345402914561562,1
1.401652734530938,-1.1159293413173654,0.01278629379912051,0.2924191368370432,0.08550895158852137,1
1.322709261477046,-1.1683958882235528,0.01191891558679516,0.28715646913591025,0.08245883776660298,1
1.4987889421157685,-1.1867510578842315,0.012743226281811376,0.29260256341734303,0.08561626011840026,1
1.4191957285429142,-1.049168502994012,0.011707860957771956,0.2908502383044734,0.08459386112176895,1
1.4380382035928145,-1.1021223552894213,0.012921682845247006,0.29349818390091953,0.08614118395313798,1
1.5135705389221557,-1.0654120159680638,0.01181945579544037,0.2985084461077873,0.08910729239768575,1
1.4511954491017964,-1.0226915768463074,0.01264051461530065,0.29228105788510167,0.08542821679843414,1
1.4848195209580837,-1.0762951696606786,0.013015035456430887,0.2907239263811218,0.08452040137045594,1
1.447297005988024,-1.1631979640718564,0.011815728036115268,0.29250638076120805,0.08555998278602084,1
1.739030499001996,-1.2218370459081838,0.012719352759325099,0.293227366807583,0.08598228864490881,1
1.5996611576846307,-1.1151171656686627,0.012381395685192115,0.29197347896331305,0.08524851241794021,1
1.5554788023952095,-1.1157669061876248,0.012467213463697604,0.28741732986320856,0.08260872150569643,1
1.6963100598802394,-1.1584873453093811,0.01258872255489022,0.29656315565773184,0.08794970529367208,1
1.5666868263473055,-1.1425687025948104,0.01238234745353044,0.28635265081892486,0.08199784063102511,1
1.4970021556886228,-1.151177764471058,0.012654711826347306,0.294888078954822,0.08695897910966534,1
1.3802112974051897,-1.1269749301397207,0.012410107363398202,0.2926123023781319,0.0856219595030313,1
1.4474594411177644,-1.1225891816367264,0.01219754576783932,0.2894993900803835,0.08380989685691403,1
1.5018752095808383,-1.3701403193612776,0.01270729702703967,0.2921889176421307,0.08537436359287981,1
1.3992162075848302,-1.1235637924151696,0.01219841822214945,0.2872633127851804,0.0825202108723164,1
1.462078602794411,-1.0884778043912176,0.012629727907466314,0.2844229810493524,0.08089643214900025,1
1.5481692215568863,-1.239217604790419,0.012048514708863523,0.2928370459606841,0.08575353548697981,1
1.4869311776447105,-1.0909143313373253,0.01234395946388473,0.28966652466429255,0.08390669551108922,1
1.608432654690619,-1.1630355289421157,0.012425018400698602,0.29937951551383035,0.0896280943092958,1
1.4723120159680638,-1.1844769660678645,0.012085157789888973,0.29009670192560666,0.08415609646811428,1
1.4234190419161679,-1.0309757684630738,0.012092296052426399,0.2899128231991755,0.08404944505531639,1
1.4373884630738523,-1.2330450698602793,0.011844677656405938,0.2931364942006079,0.08592900423222304,1
1.3896325349301397,-1.2528621556886228,0.012078891981661677,0.2921894078183721,0.08537465004125097,1
